{"id":0,"startTime":1542116949377,"endTime":1542117072009,"duration":122632,"cpu":{"systemMean":0.1990949024390244,"systemPeak":0.299144,"processMean":0.04967832751219512,"processPeak":0.0641619},"gc":{"gcTime":0.000011141015457149167},"memory":{"usedHeapAfterGCPeak":52941288,"usedNativePeak":32143167488},"httpUrls":[{"url":"/","hits":11970,"averageResponseTime":0.649824506265655,"longestResponseTime":14.103368},{"url":"/res/css/images/hero.jpg","hits":1,"averageResponseTime":1.356422,"longestResponseTime":1.356422}]}